question,prediction,expected_output,score,logprob
"A man is sitting on a roof. he
Choices:
A) is using wrap to wrap a pair of skis.
B) is ripping level tiles off.
C) is holding a rubik's cube.
D) starts pulling up roofing on a roof.

Answer with the single letter (A, B, C, or D) of the correct choice.",'HellaSwagBenchmark' object has no attribute '_generate_output',3,0.0,tensor(0.)
"A lady walks to a barbell. She bends down and grabs the pole. the lady
Choices:
A) swings and lands in her arms.
B) pulls the barbell forward.
C) pulls a rope attached to the barbell.
D) stands and lifts the weight over her head.

Answer with the single letter (A, B, C, or D) of the correct choice.",'HellaSwagBenchmark' object has no attribute '_generate_output',3,0.0,tensor(0.)
"Two women in a child are shown in a canoe while a man pulls the canoe while standing in the water, with other individuals visible in the background. the child and a different man
Choices:
A) are then shown paddling down a river in a boat while a woman talks.
B) are driving the canoe, they go down the river flowing side to side.
C) sit in a canoe while the man paddles.
D) walking go down the rapids, while the man in his helicopter almost falls and goes out of canoehood.

Answer with the single letter (A, B, C, or D) of the correct choice.",'HellaSwagBenchmark' object has no attribute '_generate_output',2,0.0,tensor(0.)
"A boy is running down a track. the boy
Choices:
A) runs into a car.
B) gets in a mat.
C) lifts his body above the height of a pole.
D) stands on his hands and springs.

Answer with the single letter (A, B, C, or D) of the correct choice.",'HellaSwagBenchmark' object has no attribute '_generate_output',2,0.0,tensor(0.)
"The boy lifts his body above the height of a pole. The boy lands on his back on to a red mat. the boy
Choices:
A) turns his body around on the mat.
B) gets up from the mat.
C) continues to lift his body over the pole.
D) wiggles out of the mat.

Answer with the single letter (A, B, C, or D) of the correct choice.",'HellaSwagBenchmark' object has no attribute '_generate_output',1,0.0,tensor(0.)
"The boy lands on his back on to a red mat. The boy gets up from the mat. the boy
Choices:
A) starts doing spins.
B) celebrates by clapping and flexing both arms.
C) is dancing on the mat.
D) does jump jacks on his stick.

Answer with the single letter (A, B, C, or D) of the correct choice.",'HellaSwagBenchmark' object has no attribute '_generate_output',1,0.0,tensor(0.)
"A man is standing in front of a camera. He starts playing a harmonica for the camera. he
Choices:
A) begins to play the harmonica with his body while looking at the camera.
B) seems to be singing while playing the harmonica.
C) rocks back and forth to the music as he goes.
D) painted a fence in front of the camera.

Answer with the single letter (A, B, C, or D) of the correct choice.",'HellaSwagBenchmark' object has no attribute '_generate_output',2,0.0,tensor(0.)
"A cartoon animation video is shown with people wandering around and rockets being shot. two men
Choices:
A) fight robots of evil and ends with a to be continued.
B) are then shown in closeups shooting a shot put.
C) push a child in a speedboat in the water.
D) look in the cameraman's eye and smile.

Answer with the single letter (A, B, C, or D) of the correct choice.",'HellaSwagBenchmark' object has no attribute '_generate_output',0,0.0,tensor(0.)
"A man is holding a pocket knife while sitting on some rocks in the wilderness. then he
Choices:
A) opens a can of oil put oil on the knife, and puts oil on a knife and press it through a can filled with oil then cuts several pieces from the sandwiches.
B) takes a small stone from the flowing river and smashes it on another stone.
C) uses the knife to shave his leg.
D) sand the rocks and tops them by using strong pressure.

Answer with the single letter (A, B, C, or D) of the correct choice.",'HellaSwagBenchmark' object has no attribute '_generate_output',1,0.0,tensor(0.)
"Then he takes a small stone from the flowing river and smashes it on another stone. He starts to crush the small stone to smaller pieces. he
Choices:
A) cuts the center stone in half and blow it on to make it bigger.
B) grind it hard to make the pieces smaller.
C) eventually brings it back into view and adds it to the smaller ones to make a small triangular shaped piece.
D) starts to party with them and throw the pieces by hand while they celebrate.

Answer with the single letter (A, B, C, or D) of the correct choice.",'HellaSwagBenchmark' object has no attribute '_generate_output',1,0.0,tensor(0.)
"Then he takes a piece of bark and rubs the powered stone pieces onto it. The stone particles stick to the wet piece of wood. he
Choices:
A) uses a small brush to polish one of the stone pieces.
B) then uses a strip of sealing tape to seal the board and then smooths the bottom of the board.
C) walks towards the camera.
D) then takes the knife and sharpens it against the wood piece.

Answer with the single letter (A, B, C, or D) of the correct choice.",'HellaSwagBenchmark' object has no attribute '_generate_output',3,0.0,tensor(0.)
"The stone particles stick to the wet piece of wood. He then takes the knife and sharpens it against the wood piece. he
Choices:
A) then cuts off the excess hair of the wood.
B) scrapes the wood with a broom in the cutting tool used in sharpening the instrument.
C) writes on the board again.
D) then notices a little black and green poisonous frog sitting next to him.

Answer with the single letter (A, B, C, or D) of the correct choice.",'HellaSwagBenchmark' object has no attribute '_generate_output',3,0.0,tensor(0.)
"He then takes the knife and sharpens it against the wood piece. He then notices a little black and green poisonous frog sitting next to him. the frog
Choices:
A) eventually gets to get up and marches out of the room waving its body about.
B) then starts to get up from the chair and begins walking towards the camera.
C) then escapes and jumps away.
D) is acting crazy and attacking him while he is cooking.

Answer with the single letter (A, B, C, or D) of the correct choice.",'HellaSwagBenchmark' object has no attribute '_generate_output',2,0.0,tensor(0.)
"He then notices a little black and green poisonous frog sitting next to him. The frog then escapes and jumps away. he
Choices:
A) sits and hugs another man and also adjusts his camera.
B) then sits there staring at his text machine as if he has actually been given a gift from god.
C) explains how the frog secretes a poisonous fluid that can be extremely harmful.
D) takes the frog on his hand and tickles the back of it.

Answer with the single letter (A, B, C, or D) of the correct choice.",'HellaSwagBenchmark' object has no attribute '_generate_output',2,0.0,tensor(0.)
"A person is playing bagpipes out in a park. A man and two boys watching from a far. the camera
Choices:
A) shoots areas all around the park while the bagpipes play.
B) is covered to the boy that is playing there.
C) then goes black and we see a black opening scene.
D) watching the boy and boy as they play a game of drums.

Answer with the single letter (A, B, C, or D) of the correct choice.",'HellaSwagBenchmark' object has no attribute '_generate_output',0,0.0,tensor(0.)
"Two people are seen passing a ball back and fourth in a pool and leads into one speaking to the camera. the man
Choices:
A) dips the ball and walks back with the boy and pours detergent into a cup again.
B) then throws the ball into the pool and begins running around with a sail in his hand while a group of men watch.
C) then takes a drink having a conversation with another man and another man leads into him throwing balls in the water and laughing to the camera.
D) demonstrates how to properly throw the ball with his hands while still speaking to the camera.

Answer with the single letter (A, B, C, or D) of the correct choice.",'HellaSwagBenchmark' object has no attribute '_generate_output',3,0.0,tensor(0.)
"A woman is sitting at a table in a fast food restaurant while eating. She continually speaks to nobody as she eats. she
Choices:
A) is then seen sitting alone as she eats a cold brown ice cream.
B) pauses in the process of eating to enjoy her food.
C) stands up and grabs her purse, continuing to talk and laugh as she leaves.
D) picks up another chocolate bar and chews it as she talks.

Answer with the single letter (A, B, C, or D) of the correct choice.",'HellaSwagBenchmark' object has no attribute '_generate_output',2,0.0,tensor(0.)
"A group of cheerleaders run onto a stage before a cheering audience. they
Choices:
A) get into formation, then begin dancing and flipping as male cheerleaders join them.
B) perform a cheer routine before the girls, along with makeup artists, spread out and pose.
C) take turns jumping on each other like they are performing karate.
D) are then shown performing the type of cheerleading dance, using batons and pole vaults.

Answer with the single letter (A, B, C, or D) of the correct choice.",'HellaSwagBenchmark' object has no attribute '_generate_output',0,0.0,tensor(0.)
"A group of cheerleaders run onto a stage before a cheering audience. They get into formation, then begin dancing and flipping as male cheerleaders join them. they all
Choices:
A) dance and flip on stage while hanging their hats on the sides.
B) continue dancing and flipping, doing hand springs.
C) dance together with flip up their sleeves.
D) perform their routines as the studio rashes to a halt with cheerleaders in the audience.

Answer with the single letter (A, B, C, or D) of the correct choice.",'HellaSwagBenchmark' object has no attribute '_generate_output',1,0.0,tensor(0.)
"They get into formation, then begin dancing and flipping as male cheerleaders join them. They all continue dancing and flipping, doing hand springs. when they
Choices:
A) are done, they shake hands and walk away, but cheers are heard all around as they're finished.
B) are finished, they jump up and down happily and walk off the stage, exhausted.
C) are done, a male cheerleader is crowned and an instant replay is shown.
D) come down from their workout, they all stop to bow and applaud, then they continue dancing.

Answer with the single letter (A, B, C, or D) of the correct choice.",'HellaSwagBenchmark' object has no attribute '_generate_output',1,0.0,tensor(0.)
"A woman is reading a newspaper nearby while he speaks to her and shows her something in his hand. The man sharpens his knives using an electric tool. he
Choices:
A) sharpens and cuts something on a knife board using an electric tool.
B) then continues cutting his onion.
C) travels with his knife under the table and uses it also in his shoe.
D) then shows her a spare knife that he has also used on a knife sharpener and drills into a side of the table.

Answer with the single letter (A, B, C, or D) of the correct choice.",'HellaSwagBenchmark' object has no attribute '_generate_output',1,0.0,tensor(0.)
"A man is outside of a building. He is using commercial lawn mowing equipment. he
Choices:
A) walks back and forth as he mows the grass.
B) is animated as he does the task.
C) relaxes, making sure his lawn is pristine.
D) runs from one side of the building to the other.

Answer with the single letter (A, B, C, or D) of the correct choice.",'HellaSwagBenchmark' object has no attribute '_generate_output',0,0.0,tensor(0.)
"Children bring desert out for their family member. the family
Choices:
A) floats in a river.
B) member stands looking into a hut and then handing people photographs.
C) member cuts a piece of sunscreen.
D) enjoys eating the desert together.

Answer with the single letter (A, B, C, or D) of the correct choice.",'HellaSwagBenchmark' object has no attribute '_generate_output',3,0.0,tensor(0.)
"The family enjoys eating the desert together. The people in the restaurant laugh at the man and he wonders what they are doing. the man
Choices:
A) goes to the bathroom and isn't able to get very far.
B) puts the glass aside and a fourth person walks in and walks away.
C) plays the bagpipe and smiles and laughs as he enjoys the hospitality.
D) gets up and walks away to the other room.

Answer with the single letter (A, B, C, or D) of the correct choice.",'HellaSwagBenchmark' object has no attribute '_generate_output',3,0.0,tensor(0.)
"A black female is shown in a room with a black scarf around her head. black spots on her faced
Choices:
A) are then zoomed in on and she begins to apply something on it.
B) are shown and she misses a little bit of her swing.
C) are shown and one finger is seen poking through.
D) are shown as she continues to dance around on the hardwood and every move makes a lash on her face.

Answer with the single letter (A, B, C, or D) of the correct choice.",'HellaSwagBenchmark' object has no attribute '_generate_output',0,0.0,tensor(0.)
"A black female is shown in a room with a black scarf around her head. Black spots on her faced are then zoomed in on and she begins to apply something on it. next
Choices:
A) , she begins to brush her lips and make painted lips look just like a lipstick to the camera and ends with her closing gift and instruction showing her off at the end.
B) she is shown in various different locations and gets extremely close to a wall.
C) , she is shown making multiple moans and sprays some kind of liquid down her face before hanging up.
D) , she takes some spray and it makes her skin extremely oily and she continues to talk until the video is over.

Answer with the single letter (A, B, C, or D) of the correct choice.",'HellaSwagBenchmark' object has no attribute '_generate_output',3,0.0,tensor(0.)
"A helicopter flies in some people who then start playing paintball. they
Choices:
A) run around obstacles and have a great time.
B) lose their shirt during the fight and run back the others.
C) shoot at each other while the helicopter drone who am looking on.
D) chase a bird in the sky while others walk around.

Answer with the single letter (A, B, C, or D) of the correct choice.",'HellaSwagBenchmark' object has no attribute '_generate_output',0,0.0,tensor(0.)
"A young boy and girl are standing over a sink with their mother talking. the mother
Choices:
A) is now putting lipstick on the boy's mouth and he tries to stop her but only gets a little bit stuck.
B) washes the boy while the child grabs shampoo.
C) shows some shaving cream on the boy who is scrubbing her brushes.
D) instructs them on how to brush their teeth while laughing.

Answer with the single letter (A, B, C, or D) of the correct choice.",'HellaSwagBenchmark' object has no attribute '_generate_output',3,0.0,tensor(0.)
"A young boy and girl are standing over a sink with their mother talking. The mother instructs them on how to brush their teeth while laughing. the boy
Choices:
A) puts a shirt on and rubs his mouth.
B) helps his younger sister brush his teeth.
C) walks with an empty mouthwash cup on a sink floor.
D) and girl then begin working out.

Answer with the single letter (A, B, C, or D) of the correct choice.",'HellaSwagBenchmark' object has no attribute '_generate_output',1,0.0,tensor(0.)
"The mother instructs them on how to brush their teeth while laughing. The boy helps his younger sister brush his teeth. she
Choices:
A) shows how to hit the mom and then kiss his dad as well.
B) brushes past the camera, looking better soon after.
C) glows from the center of the camera as a reaction.
D) gets them some water to gargle in their mouths.

Answer with the single letter (A, B, C, or D) of the correct choice.",'HellaSwagBenchmark' object has no attribute '_generate_output',3,0.0,tensor(0.)
"She gets them some water to gargle in their mouths. The boy and girl begin playing in the sink. the woman
Choices:
A) shakes her head in disbelief and waves at her.
B) laughs at the children dribbling water.
C) comes back and talks to the boys.
D) gets some food out of the fridge and they continue playing together.

Answer with the single letter (A, B, C, or D) of the correct choice.",'HellaSwagBenchmark' object has no attribute '_generate_output',1,0.0,tensor(0.)
"A cat is sitting in a cat bed. It is licking its paw. it
Choices:
A) then wipes its paw on its ear.
B) crawls to the door.
C) 's laying down about six inches away from the camera.
D) crawls on one foot to get closer to the camera.

Answer with the single letter (A, B, C, or D) of the correct choice.",'HellaSwagBenchmark' object has no attribute '_generate_output',0,0.0,tensor(0.)
"A man in brown jacket is pulling out an arrow from the target board, then he was talking to the camera, then he pull out his bow and started to use it with his bow to hit the target board, he fired his bows several times. the man
Choices:
A) played paper if and shoot the arrows to hit the target, then he hang from the board with his bow and arrow.
B) went to the target board and talked to the camera.
C) eventually throw the arrow, but it flew into the gravel is near the targets.
D) have his bow as he talk to the camera, he pulled it out to show how to put with its flex, tighten, and notch that was attached to his bow.

Answer with the single letter (A, B, C, or D) of the correct choice.",'HellaSwagBenchmark' object has no attribute '_generate_output',1,0.0,tensor(0.)
"A man walks outside plugs his lawn mower in and gets ready to mow. he
Choices:
A) drives through the grass while drinking from a large cup of water and carrying his lawn mower.
B) walks off the porch and goes back inside.
C) starts mowing his lawn casually going over all the grass.
D) does this multiple times until a pale orange moon appears overhead.

Answer with the single letter (A, B, C, or D) of the correct choice.",'HellaSwagBenchmark' object has no attribute '_generate_output',2,0.0,tensor(0.)
"A man walks outside plugs his lawn mower in and gets ready to mow. He starts mowing his lawn casually going over all the grass. his dog
Choices:
A) comes outside and starts to follow him a little while he's closer to the house.
B) comes outside and takes a closer look at the man mowing, after he picks up the mower.
C) runs loose and feeds on his movements.
D) is having a seizure and starts to hop all over the lawn as he walks around.

Answer with the single letter (A, B, C, or D) of the correct choice.",'HellaSwagBenchmark' object has no attribute '_generate_output',0,0.0,tensor(0.)
"He starts mowing his lawn casually going over all the grass. His dog comes outside and starts to follow him a little while he's closer to the house. the yard
Choices:
A) is slowly starting to look really really nice, once he is completely finished the yard looks great, nice and smooth.
B) is very neat and clean and very active under the circumstances.
C) gets mowed quicker by the dog.
D) eventually looks happy on the outside and appears to be going pretty happily.

Answer with the single letter (A, B, C, or D) of the correct choice.",'HellaSwagBenchmark' object has no attribute '_generate_output',0,0.0,tensor(0.)
"A sea is shown with a green forest on seashore. Blond man is standing in seashore and talking to the camera and surfing big waves on the sea. man
Choices:
A) is on ocean and swimming in white water snapping his head.
B) is snowboarding up in the sea.
C) is doing flips in the waters and on the rocks and he be water surfing.
D) is walking on seashore through a lot of people and talking to the camera and holding an award and talking about surfing the seashore.

Answer with the single letter (A, B, C, or D) of the correct choice.",'HellaSwagBenchmark' object has no attribute '_generate_output',3,0.0,tensor(0.)
"We see a bottle of face wash. we
Choices:
A) see a newspaper story.
B) see four cookies in a pan.
C) see a person holding face wash then putting it on their face.
D) see a tool on a table.

Answer with the single letter (A, B, C, or D) of the correct choice.",'HellaSwagBenchmark' object has no attribute '_generate_output',2,0.0,tensor(0.)
"We see a person holding face wash then putting it on their face. They rinse the face and add the face wash with a brush. we
Choices:
A) see a closing title screen.
B) see a black screen with the credits.
C) see an illustration on how to add the wash using a brush.
D) then see a replay then the person putting the face wash on.

Answer with the single letter (A, B, C, or D) of the correct choice.",'HellaSwagBenchmark' object has no attribute '_generate_output',2,0.0,tensor(0.)
"A person is seen throwing plaster onto a wall while the camera follows the person close behind. the person
Choices:
A) continues throwing ingredients down and leads into a person kicking a dirty toilet.
B) gradually throws more and more onto the wall and the camera pans over the finished product.
C) then uses paper to spread it all over the wall followed by others putting paper through with the plaster.
D) is now seen putting wax all along the wall while still looking back to the camera.

Answer with the single letter (A, B, C, or D) of the correct choice.",'HellaSwagBenchmark' object has no attribute '_generate_output',1,0.0,tensor(0.)
"More and more people begin talking and each of them has a bottle of sun screen and starts to squirt it on their arms in effort to protect their skin. a small blue bottle of the sun screen
Choices:
A) appears and then different people carry it to a table where they mix the liquid with a straw with a straw and take turns squirting the liquid into their skin.
B) appears near each of their hair as they continue to talk but no bottle at all appear.
C) is then shown and several more people begin talking about the product.
D) zooms in on sheers that they have on the floor.

Answer with the single letter (A, B, C, or D) of the correct choice.",'HellaSwagBenchmark' object has no attribute '_generate_output',2,0.0,tensor(0.)
"A group of boys are standing in a room with many clear cups of beer on a table they are all standing around. the boys
Choices:
A) take a flute together and then begin to play the harmonica using it to play the tune.
B) begin to wrap red bow around the plastic cups, put bows on the bottoms _start_various objects on the foam covers and belongings to the floor.
C) talk, laugh and tease each other before beginning a game of beer pong across a long table using a triangle shaped array of clear cups.
D) all grab one and chug their contents of the cans.

Answer with the single letter (A, B, C, or D) of the correct choice.",'HellaSwagBenchmark' object has no attribute '_generate_output',2,0.0,tensor(0.)
"The boys talk, laugh and tease each other before beginning a game of beer pong across a long table using a triangle shaped array of clear cups. one of the ping pongs
Choices:
A) is knocked upside down, which causes the other teens to give each other high fives.
B) tries to rise but dikes instead.
C) rush walks up in front of the boys, removes a small piece of paper from the bottom of the table, puts a hand on the machine and wrestles with buttons, turns the machine off and pushes a button inside to turn the game back on.
D) lands in the cup and one of the boys begins to drink the beer.

Answer with the single letter (A, B, C, or D) of the correct choice.",'HellaSwagBenchmark' object has no attribute '_generate_output',3,0.0,tensor(0.)
"One of the ping pongs lands in the cup and one of the boys begins to drink the beer. the group
Choices:
A) of teens is sailing down the river with others sailing in the background.
B) gets up together and poses with their vests to celebrate.
C) continue to play beer pong when one final player is able to throw and land a ping pong ball while standing with his back to the cups at which point the boys celebrate, and laugh.
D) does a trick and the liquid is poured on a second table.

Answer with the single letter (A, B, C, or D) of the correct choice.",'HellaSwagBenchmark' object has no attribute '_generate_output',2,0.0,tensor(0.)
"There's a nbc news reporter wearing a red sweater and white shirt talking about dog grooming by scissor wizard a grooming company. the representative from the company
Choices:
A) is talking about the services they offer and how those dogs participate in dog shows.
B) speaks to a woman sitting on a colorful conference room chair next to a brown dog kennel in front of them.
C) tells viewers about a dog grooming company, itv with a website.
D) in grey sweater and black pants talks about the procedures on grooming dogs in life and techniques.

Answer with the single letter (A, B, C, or D) of the correct choice.",'HellaSwagBenchmark' object has no attribute '_generate_output',0,0.0,tensor(0.)
"The representative from the company is talking about the services they offer and how those dogs participate in dog shows. a groomer
Choices:
A) is seen using shears to creatively trim the dog's hair and even dye it in colorful shades of red, green, yellow and blue.
B) is presenting cookies to the room with a loaf of bread.
C) shows crowd opinion for use as their garden service representative.
D) speaks to an older man about snow cleaning dogs and showing how it is flectious.

Answer with the single letter (A, B, C, or D) of the correct choice.",'HellaSwagBenchmark' object has no attribute '_generate_output',0,0.0,tensor(0.)
"A woman tries to eat ice cream to a child, but the child refuses to eat the ice cream, then the woman eats the ice cream in the spoon. after
Choices:
A) , the woman gives ice cream to the child, and then the woman cleans the child's mouth.
B) , the child takes out the fork the other child takes out the spoon and eats the ice cream.
C) , the child and the woman tries to eat food without ice cream, then they sit and talk with adults in the room.
D) , two people wearing red shirts pass through the store's door and inside the market and besides a man and a chimpanzee wearing silver uniforms are watching the woman and child.

Answer with the single letter (A, B, C, or D) of the correct choice.",'HellaSwagBenchmark' object has no attribute '_generate_output',0,0.0,tensor(0.)
"After, the woman gives ice cream to the child, and then the woman cleans the child's mouth. an old woman
Choices:
A) feeds a boy ice cream.
B) hold the child and eats the ice cream, after the woman is giving baby ice cream to the child.
C) tries to stop the mother pray while giving a baby something else.
D) is standing using a white blower to blow snow.

Answer with the single letter (A, B, C, or D) of the correct choice.",'HellaSwagBenchmark' object has no attribute '_generate_output',0,0.0,tensor(0.)
"Men are lifting heavy weights over their head several times. A man in a blue shirt is watching one of the men. a man in a gray shirt
Choices:
A) is watching the men on the ground.
B) hits a big weight in slow motion.
C) is talking to one of the men in the middle of the gym.
D) is mimicking the person lifting the weight.

Answer with the single letter (A, B, C, or D) of the correct choice.",'HellaSwagBenchmark' object has no attribute '_generate_output',3,0.0,tensor(0.)
"In home pet groomers demonstrate how to groom a pet. the person
Choices:
A) puts a setting engage on the pets tongue and leash.
B) starts at their butt rise, combing out the hair with a brush from a red.
C) is demonstrating how the dog's hair is trimmed with electric shears at their grooming salon.
D) installs and interacts with a sleeping pet before moving away.

Answer with the single letter (A, B, C, or D) of the correct choice.",'HellaSwagBenchmark' object has no attribute '_generate_output',2,0.0,tensor(0.)
"A person polish a shoe with a wrapped finger. then
Choices:
A) , the person remove the wrapping paper to expose a shoe.
B) , the person removes the heel heel from the shoe and polish.
C) , the person grabs polish paste and water to polish the shoe.
D) , a person polish the fingers, then the person puts a black polish.

Answer with the single letter (A, B, C, or D) of the correct choice.",'HellaSwagBenchmark' object has no attribute '_generate_output',2,0.0,tensor(0.)
"Eight people are standing at the studio, one woman walked at the back of the group. the group
Choices:
A) then begins marching down a fitness track, demonstrating steps, going forward and backward, in between takes several breaks to lift their feet.
B) is gathered around a long table into a dance routine.
C) started dancing, swirling, shaking their hips, rotating, their arms and hands are moving from side to side, in front.
D) continue to discuss the topic of volleyball.

Answer with the single letter (A, B, C, or D) of the correct choice.",'HellaSwagBenchmark' object has no attribute '_generate_output',2,0.0,tensor(0.)
"A man is seen talking to the camera and presents his knife and sharpener. He then glides the knife down the sharpener and shows how other knives work with different sharpeners. he
Choices:
A) then repeats his advice and using more wax.
B) shows the using the sharpener on a piece of wood.
C) presents the knife one last time while still speaking to the camera.
D) uses scissors to cut the blade as well as metal and talk to the camera at the end.

Answer with the single letter (A, B, C, or D) of the correct choice.",'HellaSwagBenchmark' object has no attribute '_generate_output',2,0.0,tensor(0.)
"A man walks onto the stage to join a band. a man
Choices:
A) plays harp and flute while two other people play instruments next to him.
B) and woman dance around together on the stage.
C) dance on the ropes attached to the stage.
D) plays up front of a band with a harmonica.

Answer with the single letter (A, B, C, or D) of the correct choice.",'HellaSwagBenchmark' object has no attribute '_generate_output',3,0.0,tensor(0.)
"A man walks onto the stage to join a band. A man plays up front of a band with a harmonica. the keyboardist
Choices:
A) plays the hip hop and dance moves with the band.
B) plays a spirited solo during the song.
C) plays his guitar while moving his body around in front of the band.
D) sings with the band, twirling his violin as he walks.

Answer with the single letter (A, B, C, or D) of the correct choice.",'HellaSwagBenchmark' object has no attribute '_generate_output',1,0.0,tensor(0.)
"A camera pans away from a road and shows a person's feet moving around. several shots
Choices:
A) are shown of people riding up a mountain on skis while being pulled down by a rope.
B) are shown of people tying their shoes, hitting a button, and checking a watch.
C) are shown of people wake boarding.
D) are then shown of people riding on snowboards over mountains.

Answer with the single letter (A, B, C, or D) of the correct choice.",'HellaSwagBenchmark' object has no attribute '_generate_output',1,0.0,tensor(0.)
"A camera pans away from a road and shows a person's feet moving around. Several shots are shown of people tying their shoes, hitting a button, and checking a watch. people
Choices:
A) march around a room wearing funny hats, hats, and shoes.
B) then are shown washing a car.
C) are then seen running down the road one at a time followed by many more following.
D) walk along a road, using bicycles and bagpipes.

Answer with the single letter (A, B, C, or D) of the correct choice.",'HellaSwagBenchmark' object has no attribute '_generate_output',2,0.0,tensor(0.)
"A gymnast put power chalk power on his hands and stands near the pommel horse. then
Choices:
A) , the gymnast put strength and power item on his body and falls.
B) , the gymnast approach the pommel horse to spin around many times.
C) , the gymnast blade the board and stands in position facing the pommel horse doing blade moves.
D) , the gymnast moves around and flips the chalk power to full weight and continues gymnastics for the next competition, after he turns and stands near the pommel horse.

Answer with the single letter (A, B, C, or D) of the correct choice.",'HellaSwagBenchmark' object has no attribute '_generate_output',1,0.0,tensor(0.)
"A gymnast put power chalk power on his hands and stands near the pommel horse. Then, the gymnast approach the pommel horse to spin around many times. then
Choices:
A) , the gymnast stand on his hand and jumps to land on the floor, while people applaud.
B) , the gymnast put the star light on his hands and jumps high using strength.
C) , the gymnast puts fluid on the pommel horse and sit on it to rise the body while position it.
D) , the gymnast cross the pommel horse with the long rope while performing handsprings.

Answer with the single letter (A, B, C, or D) of the correct choice.",'HellaSwagBenchmark' object has no attribute '_generate_output',0,0.0,tensor(0.)
"A logo shows that this video is presented by expert village. a man in a small blue boat
Choices:
A) is pushing a kress of water in a lake while instructing his boarder.
B) discusses the topic of hand surfing in a hole and gives hints on how to perform this activity.
C) , in the middle of a lake, is skiing.
D) is in the water pushing a boat with a sail.

Answer with the single letter (A, B, C, or D) of the correct choice.",'HellaSwagBenchmark' object has no attribute '_generate_output',1,0.0,tensor(0.)
"A man in a small blue boat discusses the topic of hand surfing in a hole and gives hints on how to perform this activity. the man
Choices:
A) demonstrates how to properly back up a hand surf by requiring an anchor.
B) demonstrates tricks that can be done while performing this activity.
C) in the small blue boat holds a fish in his hands and then holds the fish while talking about the technique needed to perform this activity.
D) is omic on the water as he's riding the speedo on the aerobic machine still pointing down at the water.

Answer with the single letter (A, B, C, or D) of the correct choice.",'HellaSwagBenchmark' object has no attribute '_generate_output',1,0.0,tensor(0.)
"The camera pans to show a man playing a harmonica while sitting on a log beside a river. A woman walks near the train tracks while a train drives by. the woman
Choices:
A) continues just playing with the tunes she made.
B) sees the harmonica playing man in the distance.
C) taps a horn intermittently as the camera pans right.
D) plays a song on her harmonica while walking away from the train.

Answer with the single letter (A, B, C, or D) of the correct choice.",'HellaSwagBenchmark' object has no attribute '_generate_output',1,0.0,tensor(0.)
"A woman walks near the train tracks while a train drives by. The woman sees the harmonica playing man in the distance. she
Choices:
A) comes back to the train and continues walking on the subway.
B) walks around the rail of the tracks and watches the scenery and the crowds of people.
C) watches him and listens to him playing.
D) begins playing with the harmonica and stops.

Answer with the single letter (A, B, C, or D) of the correct choice.",'HellaSwagBenchmark' object has no attribute '_generate_output',2,0.0,tensor(0.)
"The woman sees the harmonica playing man in the distance. She watches him and listens to him playing. She walks away leaving the man. the man
Choices:
A) takes out a wall show from his guitar.
B) finishes playing and remains seated.
C) jumps over a barrier and lands on the sandy beach.
D) plays in a house while the woman looks on.

Answer with the single letter (A, B, C, or D) of the correct choice.",'HellaSwagBenchmark' object has no attribute '_generate_output',1,0.0,tensor(0.)
"A person is shown looking around a city and begins washing windows with his tools. he
Choices:
A) then brushes right through the window and cleans it off.
B) uses a large block cutter to remove smaller blocks until he has the whole of the window covered.
C) puts water on a hose and begins cleaning the windows.
D) goes up and down the windows at a rapid pace and continues filming himself through the glass.

Answer with the single letter (A, B, C, or D) of the correct choice.",'HellaSwagBenchmark' object has no attribute '_generate_output',3,0.0,tensor(0.)
"A person is shown looking around a city and begins washing windows with his tools. He goes up and down the windows at a rapid pace and continues filming himself through the glass. he
Choices:
A) continues to work by scrubbing the windows and then by pouring water out.
B) takes his clothes off and hangs them up before throwing his plaid shirt into the laundry.
C) finishes the glass in record time and turns off the camera.
D) spins around to show the different angles of the board and shows pictures of the house in the end.

Answer with the single letter (A, B, C, or D) of the correct choice.",'HellaSwagBenchmark' object has no attribute '_generate_output',2,0.0,tensor(0.)
"A man dressed in yellow and black winter clothes ice fishes on a a frozen lake. the man
Choices:
A) is reeling in a fish for a long time.
B) spins with his fishing pole in the air.
C) does a trick on his dirty ice fishing line.
D) does numerous tricks as he goes through these beauty course courses of ice covered lakes.

Answer with the single letter (A, B, C, or D) of the correct choice.",'HellaSwagBenchmark' object has no attribute '_generate_output',0,0.0,tensor(0.)
"A man dressed in yellow and black winter clothes ice fishes on a a frozen lake. The man is reeling in a fish for a long time. the mans catch
Choices:
A) more fish and throws them to the side.
B) finally reaches the surface.
C) a fish for dinner by making a wish with his mouth.
D) one and puts it on a fishing pole in the lake.

Answer with the single letter (A, B, C, or D) of the correct choice.",'HellaSwagBenchmark' object has no attribute '_generate_output',1,0.0,tensor(0.)
"Two children are seen sitting in a tub rubbing their faces and another person's hands interacting. the boy
Choices:
A) continues to rub water all over his face as well as play with toys and smile at the cameraman.
B) walks out of the bathroom laughing to the camera and the girl stands up to rinse her face off.
C) then begins washing the other child and ends by copulating with him.
D) is now seen pointing down by himself and leads into him holding a comb and blow dryer and speaking to others.

Answer with the single letter (A, B, C, or D) of the correct choice.",'HellaSwagBenchmark' object has no attribute '_generate_output',0,0.0,tensor(0.)
"A woman hands a young boy a stick with a little girl grabbing for her attention. the pinata
Choices:
A) is lifted and the boy begins swinging at the object.
B) pops, and a child in white attempts to hit the pinata, but fails.
C) pops out of the playground.
D) is hit one after the other, and the girl lets go her hold.

Answer with the single letter (A, B, C, or D) of the correct choice.",'HellaSwagBenchmark' object has no attribute '_generate_output',0,0.0,tensor(0.)
"A woman hands a young boy a stick with a little girl grabbing for her attention. The pinata is lifted and the boy begins swinging at the object. the camera
Choices:
A) zooms in on the pinata and then the girl.
B) is upside down so everyone else can't see the object.
C) pans around people watching while he hits the pinata and a little boy is seen clapping behind him.
D) zooms in on the boy's head and he looks at the pinata person in the background.

Answer with the single letter (A, B, C, or D) of the correct choice.",'HellaSwagBenchmark' object has no attribute '_generate_output',2,0.0,tensor(0.)
"A woman is playing a violin on the street while various people walk around here and behind her. she
Choices:
A) continues to play violin while people pass by her.
B) continues playing the violin and beginning to intermittently move the sticks up and down.
C) smiles into the camera while playing and continues playing the song while several people bend down to tip her and walk around her.
D) finishes and walks off, leaving the violin lying on the ground.

Answer with the single letter (A, B, C, or D) of the correct choice.",'HellaSwagBenchmark' object has no attribute '_generate_output',2,0.0,tensor(0.)
"Various pictures of food are shown followed by a person cutting up vegetables and mixing various ingredients into a pot. he
Choices:
A) shows how the vegetables are chopped for seasoning and then sprinkled into broth and shown with the water boiling.
B) cooks up a meal and each are shown eating inside the pot.
C) boils food into a bowl and then adds some part of a salad into the bowl.
D) then cuts up a piece of bread, scoops out the insides, and fries up some meat.

Answer with the single letter (A, B, C, or D) of the correct choice.",'HellaSwagBenchmark' object has no attribute '_generate_output',3,0.0,tensor(0.)
"Ingredients are sitting on a wooden block. a person
Choices:
A) adds flour to a baking pan.
B) starts mixing the ingredients together.
C) puts salt, lemon juice in a pot, then adds eggs, cheese, ham, and some other hoagies.
D) is mixing the ingredients in an iron.

Answer with the single letter (A, B, C, or D) of the correct choice.",'HellaSwagBenchmark' object has no attribute '_generate_output',1,0.0,tensor(0.)
"A man is seen walking closer to a pinata while a large group of people stand around him. the man
Choices:
A) shows off various tapers while swinging at the pinata and throwing them out to the crowd.
B) then throws the pin while others watch on the sides.
C) spins around several times and throws the stick.
D) misses the pinata and hits a person behind him, shown again in slow motion.

Answer with the single letter (A, B, C, or D) of the correct choice.",'HellaSwagBenchmark' object has no attribute '_generate_output',3,0.0,tensor(0.)
"A pair of female hands uses an iron on a piece of baby clothing. the woman
Choices:
A) wets the garment and scrubs it with a cloth.
B) peels the old clothing off the piece and replaces it with dry material.
C) sets the iron aside and flips the clothing.
D) wraps the garment on top of the blouse, then irons it.

Answer with the single letter (A, B, C, or D) of the correct choice.",'HellaSwagBenchmark' object has no attribute '_generate_output',2,0.0,tensor(0.)
"A pair of female hands uses an iron on a piece of baby clothing. The woman sets the iron aside and flips the clothing. the woman
Choices:
A) then undresses and irons the shirt.
B) places a pair of pants into a bucket.
C) shows how to iron a sock correctly.
D) uses the iron on the other side of the clothing.

Answer with the single letter (A, B, C, or D) of the correct choice.",'HellaSwagBenchmark' object has no attribute '_generate_output',3,0.0,tensor(0.)
"The woman sets the iron aside and flips the clothing. The woman uses the iron on the other side of the clothing. the woman
Choices:
A) scrubs the clothing with her hands.
B) quickly picks up and irons, flames dancing over the clothing.
C) sets the iron aside.
D) crosses her arms in front of her and it's gone.

Answer with the single letter (A, B, C, or D) of the correct choice.",'HellaSwagBenchmark' object has no attribute '_generate_output',2,0.0,tensor(0.)
"We see a chair with a pillow on it. a man holding a cat
Choices:
A) does curling.
B) starts hitting objects on an item.
C) sits down on the chair.
D) is wrapping a box.

Answer with the single letter (A, B, C, or D) of the correct choice.",'HellaSwagBenchmark' object has no attribute '_generate_output',2,0.0,tensor(0.)
"We see a chair with a pillow on it. A man holding a cat sits down on the chair. The man clips the cats fingernails. the man
Choices:
A) strokes the cat's head.
B) then clips the cat nails.
C) puts the cat down and boxes it with paper.
D) gives the cats ears.

Answer with the single letter (A, B, C, or D) of the correct choice.",'HellaSwagBenchmark' object has no attribute '_generate_output',0,0.0,tensor(0.)
"A man holding a cat sits down on the chair. The man clips the cats fingernails. The man strokes the cat's head. the man
Choices:
A) sits back down on the chair.
B) takes the cat to the other room.
C) stands up and walks down the sidewalk.
D) plays with the cat rocking it back and forth.

Answer with the single letter (A, B, C, or D) of the correct choice.",'HellaSwagBenchmark' object has no attribute '_generate_output',3,0.0,tensor(0.)
"A young girl in a green leotard begins twirling a baton and doing tricks. the girl
Choices:
A) does this in the beginning while using her foot and one hand to move around her body.
B) begins to do some of her routine and does a few hip spins.
C) puts their hands together, and twirl together like a ballet dancer.
D) begins to incorporate her arms and does a flip and continues to flip the baton over her hands and arms.

Answer with the single letter (A, B, C, or D) of the correct choice.",'HellaSwagBenchmark' object has no attribute '_generate_output',3,0.0,tensor(0.)
"The girl begins to incorporate her arms and does a flip and continues to flip the baton over her hands and arms. as the young lady
Choices:
A) continues her performance, she twirls the baton between her legs and over her head, catches it and does a gallop.
B) is still serving the baton, she places the extension on her left hand and does a full 180 degree spin in one flip.
C) becomes more involved in the ballet, she does a final dismount to bring her elbows down and her upper body straight.
D) is zapping her arms and is practicing her baton twirling technique, she grabs the baton from the ground and shows herself victorious while her coach claps.

Answer with the single letter (A, B, C, or D) of the correct choice.",'HellaSwagBenchmark' object has no attribute '_generate_output',0,0.0,tensor(0.)
"As the young lady continues her performance, she twirls the baton between her legs and over her head, catches it and does a gallop. the rest of the young girl's performance
Choices:
A) is replayed in slow motion.
B) is a set of twirls and twist and then she runs off the floor to finish her performance.
C) is shown several times and ends by showcasing her back to the both the camera and a final focus of her performance.
D) is replayed, ending with the young lady clapping her hands joyfully.

Answer with the single letter (A, B, C, or D) of the correct choice.",'HellaSwagBenchmark' object has no attribute '_generate_output',1,0.0,tensor(0.)
"We see a man in a driveway cleaning snow from his car. the man
Choices:
A) cleans the snow under his windshield wipers.
B) wet his car and wipes it down.
C) moves the snow out of the front bumper of his car and pours gasoline on it.
D) removes the pieces of the line off his windshield.

Answer with the single letter (A, B, C, or D) of the correct choice.",'HellaSwagBenchmark' object has no attribute '_generate_output',0,0.0,tensor(0.)
"We see a man in a driveway cleaning snow from his car. The man cleans the snow under his windshield wipers. we
Choices:
A) see the old man's garage and what looks like a boat in the water.
B) see the building behind the car.
C) zoom in on the cabin.
D) see the mans silver car gliding by in the background.

Answer with the single letter (A, B, C, or D) of the correct choice.",'HellaSwagBenchmark' object has no attribute '_generate_output',1,0.0,tensor(0.)
"The man cleans the snow under his windshield wipers. We see the building behind the car. We do a 360 spin to see the parking lot. the man
Choices:
A) finishes and turns off the wipers.
B) opens the doors on his car and gets in.
C) finishes and slides out of the car.
D) puts up the camera.

Answer with the single letter (A, B, C, or D) of the correct choice.",'HellaSwagBenchmark' object has no attribute '_generate_output',1,0.0,tensor(0.)
"A man in a blue shirt and shorts lifts a large weight over his head. Another man is filming it. The same man comes back and lifts the weight over his head again. he
Choices:
A) drops it on the ground and walks away.
B) again lifts the weight over his head.
C) drops it and runs towards the camera.
D) drops it onto the floor where it gets stuck.

Answer with the single letter (A, B, C, or D) of the correct choice.",'HellaSwagBenchmark' object has no attribute '_generate_output',0,0.0,tensor(0.)
"A man is seen throwing a dart onto a board and leads into a woman speaking. the man
Choices:
A) tosses darts into the water while people measure the distance and run after them.
B) gives her several tips and she continues creating darts.
C) throws several more darts while taking the time to speak to the woman.
D) holds behind him and the woman continues speaking.

Answer with the single letter (A, B, C, or D) of the correct choice.",'HellaSwagBenchmark' object has no attribute '_generate_output',2,0.0,tensor(0.)
"A group of people are standing in the middle of a forest with a trail of pebbles separating them from a beautiful crystal clear body of water. the camera
Choices:
A) then goes right side up and shows a lot of scenery on the left side.
B) follows the couple kayaking behind the group on the trail moving back and fourth on the murky water in the forest.
C) moves across the water and several people on boats and jet-skis are moving in the water near a large wave.
D) zooms in on the foamy waters as well as the nearby cliffs and forest surrounding it.

Answer with the single letter (A, B, C, or D) of the correct choice.",'HellaSwagBenchmark' object has no attribute '_generate_output',2,0.0,tensor(0.)
"The camera moves across the water and several people on boats and jet-skis are moving in the water near a large wave. More large waves begin to surface and a man begins surfing the waves. the forest
Choices:
A) is then shown clearly under a large wide wave.
B) is then shown and surf boards appear that are washed up against the banks of the water.
C) starts to get darker and darker as the large wave picks up and men continue to sail around it.
D) of trees quickly moves over the trailing wave and they follow suit as well.

Answer with the single letter (A, B, C, or D) of the correct choice.",'HellaSwagBenchmark' object has no attribute '_generate_output',1,0.0,tensor(0.)
"A large patch of grass is shown. a man
Choices:
A) belly flops on some grass before a newscaster announces the story.
B) stretches in front of it.
C) is shown inside while a machine is working.
D) is mowing the yard next to the bushes.

Answer with the single letter (A, B, C, or D) of the correct choice.",'HellaSwagBenchmark' object has no attribute '_generate_output',3,0.0,tensor(0.)
"A pilates instructor on skates explains how to strap your risk protectors tight and shows that you need knee pads to protect your knees. the lady
Choices:
A) starts with two small straps and it puts her into a squatting position with feet fully placed over her knee and her hands suspended and ready.
B) then explains the skates movement and how to use the breaks that is in the back of the skates.
C) then puts lotion in both of her hands and rubs them along your knees while the instructor washes them.
D) shows how to harness and strap your weight on properly and she moves away from the mounting as she reaches for her left knee.

Answer with the single letter (A, B, C, or D) of the correct choice.",'HellaSwagBenchmark' object has no attribute '_generate_output',1,0.0,tensor(0.)
"A woman wearing a tan apron is holding a knife and talking. She then shows an appliance on the table and tilts it upwards. she
Choices:
A) turns a dial on the appliance and sets it back down.
B) continues sliding the blade over the appliance.
C) takes a quarter of an inch of the device and holds it against a piece of cake.
D) removes a lemon from a jar and places it into a pot.

Answer with the single letter (A, B, C, or D) of the correct choice.",'HellaSwagBenchmark' object has no attribute '_generate_output',0,0.0,tensor(0.)
"She then shows an appliance on the table and tilts it upwards. She turns a dial on the appliance and sets it back down. she
Choices:
A) shows several shots of the chair in the end.
B) picks the knife back up and places it on the appliance.
C) pokes the vacuum nozzle in the top seam of the vacuum cleaner and adds fuel to it while still keeping the vacuum nozzle up.
D) also shows how to use tubing no a string is attached to it and she explaining the use of the tubing.

Answer with the single letter (A, B, C, or D) of the correct choice.",'HellaSwagBenchmark' object has no attribute '_generate_output',1,0.0,tensor(0.)
"She turns a dial on the appliance and sets it back down. She picks the knife back up and places it on the appliance. she
Choices:
A) gets up and starts brushing the blade.
B) uses a tool to pinch the wax off of the knife.
C) turns the dial again on the appliance.
D) jumps up and throws something into a container shaped like a snowboard.

Answer with the single letter (A, B, C, or D) of the correct choice.",'HellaSwagBenchmark' object has no attribute '_generate_output',2,0.0,tensor(0.)
"She picks the knife back up and places it in the appliance and slowly draws it back several times. she
Choices:
A) slices a tomato on a wood block with the knife.
B) removes the rubber band off of the knife and gets it across the blade.
C) continues using the appliance to put the fancy knife on the box.
D) stands up from the chair and walks towards the stairs before finally leaving the room.

Answer with the single letter (A, B, C, or D) of the correct choice.",'HellaSwagBenchmark' object has no attribute '_generate_output',0,0.0,tensor(0.)
"She picks the knife back up and places it in the appliance and slowly draws it back several times. She slices a tomato on a wood block with the knife. she
Choices:
A) decorates the knife with green and red maracas.
B) positions the knife front and back and finishes by pushing it straight across the square board.
C) then demonstrates how to sharpen the knife and finishes by putting a metal rod in front of the plate of spaghetti that she just sharpened.
D) grabs a second knife and puts it in the appliance.

Answer with the single letter (A, B, C, or D) of the correct choice.",'HellaSwagBenchmark' object has no attribute '_generate_output',3,0.0,tensor(0.)
"A man wearing a black clothes is sharpening the knife on a stone. The man beside him on blue long sleeves drawing something on the table with his finger. the man
Choices:
A) continues sharpening the knife and standing on the middle of the stone.
B) turn the knife to sharpen the other side and then wipe it with paper towel.
C) stops sharpening the knife and draws on the stone again.
D) down retracts from the knife and starts sharpening the knife back up again.

Answer with the single letter (A, B, C, or D) of the correct choice.",'HellaSwagBenchmark' object has no attribute '_generate_output',1,0.0,tensor(0.)
"A man is seen speaking to the camera while a shot of a person playing basketball shows behind. the man
Choices:
A) continues going around the basket while the camera is sitting in the back.
B) continues to speak and leads into more clips of him playing tennis.
C) pulls the ball up on the court while still speaking to the camera.
D) continues speaking as more shots are shown of the boy playing basketball.

Answer with the single letter (A, B, C, or D) of the correct choice.",'HellaSwagBenchmark' object has no attribute '_generate_output',3,0.0,tensor(0.)
